artist,count
Lauv,496
Leon Bridges,422
Chance the Rapper,301
Maggie Rogers,230
Bahamas,203
Young the Giant,194
Dawes,193
Noah Gundersen,187
Discovery,170
Bon Iver,159
The Paper Kites,133
Sufjan Stevens,116
Charlotte Day Wilson,115
Rhye,107
Beck,85
Bear's Den,85
Vampire Weekend,82
Tame Impala,80
The Japanese House,76
Rogue Wave,73
Cigarettes After Sex,70
Alabama Shakes,67
The Head and the Heart,63
Blind Pilot,63
Junip,62
Sleeping at Last,57
Gregory Alan Isakov,56
Local Natives,53
Whitney,46
H.E.R.,46
Brock Berrigan,45
Nick Murphy / Chet Faker,44
aXian,44
Death Cab for Cutie,42
Adele,41
Usher,40
The War on Drugs,40
Bassti,36
Alvvays,36
Sawyer,35
Rogue Valley,35
Washed Out,34
HAIM,34
Ariana Grande,34
TESK,32
Johann Sebastian Bach,32
Ray LaMontagne,31
Justin Bieber,30
Unknown Mortal Orchestra,28
Tom Misch,28
Boy & Bear,28
She & Him,27
Donnie Trumpet & The Social Experiment,27
Chet Faker,26
Lord Huron,25
Fleetwood Mac,25
Beach Fossils,25
Marvin Gaye,24
Fleet Foxes,24
Kanye West,23
CHVRCHES,23
Iron & Wine,22
Philanthrope,21
Of Monsters and Men,21
Noname,21
Penny and Sparrow,20
Justin Timberlake,20
Bing Crosby,20
Mark Ronson,19
Mariah Carey,19
Kevin Garrett,19
Francis and the Lights,19
Edward + Jane,19
DJ Khaled,19
The Wombats,18
The Piano Guys,18
Pomplamoose,18
Honne,18
Generationals,18
Bill Withers,18
Rayland Baxter,17
Joss Stone,17
Hozier,17
Houndmouth,17
baaskaT,17
Stevie Wonder,16
Nat King Cole,16
Mario,16
Luis Fonsi,16
Hiss Golden Messenger,16
Gyvus,16
DJ Snake,16
Birocratic,16
Anderson .Paak,16
Alaskalaska,16
Real Estate,15
Ra Ra Riot,15
Piano Relaxation,15
knowmadic,15
Destiny's Child,15
Blossoms,15
Benjamin Francis Leftwich,15
B-Side,15
YOKE LORE,14
The Barr Brothers,14
Taylor Swift,14
Jill Scott,14
Guustavv,14
Toro y Moi,13
The Blue Nile,13
Smokey Robinson and The Miracles,13
"Sarah, the Illstrumentalist",13
Phoebe Bridgers,13
Kevin Krauter,13
Justnormal,13
Jack Johnson,13
Grace Mitchell,13
Elder Island,13
Bruno Mars,13
Aso,13
AJMW,13
The Jackson 5,12
The Cancel,12
Sharon Van Etten,12
Samm Henshaw,12
Post Malone,12
Mt. Joy,12
Kllo,12
fujitsu,12
Frank Sinatra,12
Andrew Belle,12
Wolf Alice,11
Volcano Choir,11
Two Door Cinema Club,11
The 1975,11
Smartface,11
Perry Como,11
Oh Wonder,11
Katrina and the Waves,11
JoJo,11
jobii,11
Hans Zimmer,11
Ed Sheeran,11
Beta Radio,11
Sampha,10
Rostam,10
Maribou State,10
LCD Soundsystem,10
Hall & Oates,10
Gavin Luke,10
Father John Misty,10
Dr. Dog,10
Broken Bells,10
Ben E. King,10
Tora,9
This Will Destroy You,9
Solange,9
Night Moves,9
Mo Anando,9
Jordan Rakei,9
Jamila Woods,9
James Blake,9
invention_,9
Dylan Sitts,9
Caveboy,9
Cardi B,9
Camila Cabello,9
Caamp,9
Arcade Fire,9
Vanilla,8
TomppaBeats,8
The Supremes,8
Sigrid,8
S. Carey,8
Marcus Marr,8
Jon E. Amber,8
James Vincent McMorrow,8
isaintjames,8
Howard Shore,8
Flughand,8
FKJ,8
Dua Lipa,8
Clean Bandit,8
Chris Brown,8
Carpenters,8
Burl Ives,8
Birdtalker,8
Andy Williams,8
Amber Mark,8
Wolfgang Amadeus Mozart,7
The Lumineers,7
The Kooks,7
The Band CAMINO,7
Swum,7
Starfucker,7
Snoh Aalegra,7
Siny,7
Shawn Mendes,7
Raveena,7
Pete Rock,7
Mommy,7
Langhorne Slim,7
Jax Jones,7
HM SURF,7
Halberd,7
Gang of Youths,7
Fona,7
Foals,7
Faye Webster,7
Drama,7
Cautious Clay,7
Blood Orange,7
Angel Olsen,7
[ocean jams],7
Zedd,6
Vince Guaraldi Trio,6
Toonorth,6
The Temptations,6
The Shins,6
The Maccabees,6
The Academic,6
Tall Heights,6
Spoon,6
Speechless,6
Smoke Trees,6
Shallou,6
Shakey Graves,6
santpoort,6
Rita Ora,6
Psalm Trees,6
Praizee,6
Plusma,6
Philippe Sanderos,6
Omar Apollo,6
Nymano,6
Nokiaa,6
Matthew And The Atlas,6
Maroon 5,6
Mac DeMarco,6
Ludwig van Beethoven,6
Lady Gaga,6
KLIM,6
King Princess,6
Kaytranada,6
Jackie Wilson,6
J'San,6
iamalex,6
Henyao,6
Henry Jamison,6
Hailee Steinfeld,6
Guggenz,6
George Ezra,6
Future Islands,6
Fruit Bats,6
Flume,6
Florence + the Machine,6
Dontcry,6
DIIV,6
Dan Auerbach,6
Damu The Fudgemunk,6
Charles Gounod,6
BJ The Chicago Kid,6
Billie Eilish,6
Beach House,6
Will Sessions,5
Vance Joy,5
Tom Walker,5
The Ronettes,5
Tennis,5
SYML,5
Sylvan Esso,5
Sunflower Bean,5
Sofasound,5
Simon & Garfunkel,5
Rex Orange County,5
Rat Boy,5
Peter Bradley Adams,5
Perfume Genius,5
Passion Pit,5
Novo Amor,5
Mykola Dmytrovych Leontovych,5
Mormor,5
Moods,5
Miguel,5
Michael Kiwanuka,5
Mansionair,5
Mahalia,5
Lucius,5
Lorde,5
Lil Skate,5
Kupla,5
Khalid,5
Kendrick Lamar,5
Kay Starr,5
Juan Rios,5
Jorja Smith,5
John Legend,5
Jessie Reyez,5
Jesse McCartney,5
James McAlister,5
idealism,5
Grizzly Bear,5
Friendly Fires,5
Felix Mendelssohn,5
Emancipator,5
Edvard Grieg,5
Dustin Tebbutt,5
Dirty Projectors,5
Demi Lovato,5
Delayde,5
David Guetta,5
David Archuleta,5
Claude Debussy,5
Chief.,5
Charlie Cunningham,5
Carly Rae Jepsen,5
Bruno Major,5
Broken Social Scene,5
Billie Marten,5
Ben Howard,5
barnes blvd.,5
Angus & Julia Stone,5
A L E X,5
Zayn,4
Young in the City,4
Yax Keyon,4
Wun Two,4
Winston Surfshirt,4
William Fitzsimmons,4
Wild Nothing,4
walterwarm,4
VAllEY,4
Tom Grennan,4
Tom Doolie,4
They Dream By Day,4
The Four Tops,4
The Chainsmokers,4
The Brilliance,4
St. Paul & The Broken Bones,4
Sebastian Kamae,4
Scouting for Girls,4
Sam Smith,4
Phemenine,4
NSG,4
No Rome,4
Nagashi,4
Moss Kena,4
Monma,4
MNEK,4
Max Richter,4
Martha Reeves & The Vandellas,4
Marshmello,4
Manamera,4
Ludovico Einaudi,4
Lizzo,4
Lewis Capaldi,4
Leonard Cohen,4
Leikeli47,4
Lake Street Dive,4
Karmawin,4
Jungle,4
Julianna Zachariou,4
Judy Garland,4
Jr. Walker & The All Stars,4
JP Saxe,4
John Vincent III,4
John Mayer,4
Joesef,4
Joep Beving,4
JinSang,4
Jason Derulo,4
James Heather,4
J Balvin,4
Ian Ewing,4
Harris Cole,4
Gorila,4
goosetaf,4
GoldLink,4
Gene Autry,4
Frook,4
Evil Needle,4
Eryn Allen Kane,4
Ennio Morricone,4
emune,4
Elton John,4
Ellie Goulding,4
Electric Guest,4
Edward Sharpe & The Magnetic Zeros,4
"Earth, Wind & Fire",4
Drake,4
Donny Hathaway,4
DJ Derelict,4
Deeb,4
Declan McKenna,4
Darlene Love,4
DAO,4
Classical Study Music,4
Ciara,4
Chuck Berry,4
Charles Bradley,4
Cass McCombs,4
Casiio,4
Bobby Helms,4
bluedoom,4
Big Thief,4
Ariel T,4
Akira gautama,4
Aeris Roves,4
Aaron Lansing,4
_tag,4
Zibra Inguzu,3
Yellow Days,3
Why Don't We,3
Wet,3
Wave Witnesses,3
Watch the Duck,3
Vistas,3
Vincent & A Secret,3
Vansire,3
Tristan Eckerson,3
Train,3
TIDES.,3
The xx,3
The Vaccines,3
The National,3
The Milk Carton Kids,3
The Lawless,3
The Dip,3
The Contours,3
The Breed,3
Teyana Taylor,3
Tash Sultana,3
Syndrome,3
Strehlow,3
Starley,3
Souls of Mischief,3
Small Black,3
Slow Meadow,3
Sleepy Fish,3
sleepdealer,3
Silence Galadros,3
Sharon Jones and the Dap-Kings,3
SG Lewis,3
Seneca B,3
Satin Jackets,3
Sam Barsh,3
Ry x,3
Ruben,3
Robyn,3
RKCB,3
Rihanna,3
Relaxing Piano Music Consort,3
Ravyn Lenae,3
Ralph Vaughan Williams,3
Rainbow Kitten Surprise,3
Quietpoet,3
Portugal. The Man,3
Pietro Mascagni,3
Pharrell Williams,3
Peter Cottontale,3
Peter Bjorn and John,3
peaceful piano,3
Parcels,3
P!nk,3
Omaure,3
Ollie Morris,3
oatmello,3
Nina Simone,3
Nick Mulvey,3
Nick Drake,3
Musica Relajante,3
Murs,3
Moux,3
Moose Dawa,3
Mono:Massive,3
Mitch King,3
Mipso,3
Milo Greene,3
Mila Crowell,3
Middle School,3
Mary Wells,3
Martin Landh,3
Maree Docia,3
Marcus Frost,3
Malforn,3
Made in M,3
Mabel,3
M. Ward,3
luvwn,3
Luis Berra,3
Lil Nas X,3
Lianne La Havas,3
leavv,3
Lambert,3
Kyle McEvoy,3
Klek the Cuck,3
King AL,3
Khrysis,3
Kacey Musgraves,3
Junyii,3
June Jissle,3
Julia Michaels,3
Jordan Mackampa,3
Jon Hopkins,3
Joly,3
Johnnyswim,3
John Lennon,3
jhfly,3
Jessica Mauboy,3
jazzinuf,3
Jay Ungar,3
Jay Som,3
Japanese Breakfast,3
Jade Bird,3
j^p^n,3
J. Cole,3
Hubert Parry,3
Hollow Coves,3
Hollow Clouds,3
Hippo Campus,3
Henry Green,3
Harrison Storm,3
Hamzaa,3
Grace Carter,3
Gordon,3
Golden Vessel,3
Golden Anagram,3
Girl In Red,3
Gavin James,3
G93,3
Flitz&Suppe,3
Fionn Regan,3
Fenne Lily,3
Elvis Presley,3
DRWN.,3
Donovan Woods,3
Don Citrus,3
DJ Spinna,3
DJ Agent M,3
Deerhunter,3
Dean Martin,3
Daniel Caesar,3
Damien Jurado,3
Curtis Harding,3
Crumb,3
Crooked Colours,3
Corre,3
Corinne Bailey Rae,3
Color White,3
Coldplay,3
Clairo,3
Circa Waves,3
Christopher West,3
Charlie Puth,3
Carole King,3
Calvin Harris,3
C Y G N,3
Brenda Lee,3
boy pablo,3
Bonus Points,3
Blue Daughter,3
Binary One,3
Billions of Legs,3
Benjamin Monday,3
Band Aid,3
Balmorhea,3
Apocalypse,3
Anna of the North,3
Ann Peebles,3
ANIKDOTE,3
Andrew Bird,3
Amy Winehouse,3
Amanda Mancini,3
Al Green,3
Ady Suleiman,3
Active Child,3
5 Seconds of Summer,3
2Cellos,3
*NSYNC,3
[bsd.u],3
.sinh,3
Zero 7,2
Zeds Dead,2
Yuutsu,2
Yung Dnny,2
yeyts.,2
Yellow Beat,2
Yasper,2
Y2K,2
Wrabel,2
William Walton,2
Wildlife,2
Wild Rivers,2
White Lies,2
Wakethistle,2
Vincent Brahn,2
Vallis Alps,2
two sleepy,2
Two Another,2
Twin Shadow,2
TV Girl,2
Troye Sivan,2
Trog'low,2
Travis Scott,2
Trampled by Turtles,2
TOPS,2
Tom Speight,2
Tom Holding,2
Tiz McNamara,2
Thurl Ravenscroft,2
Thomas Newman,2
Thelonious Coltrane,2
The Weepies,2
The Weeknd,2
The walters,2
The Walkmen,2
The Soup Dragons,2
The Postal Service,2
The Platters,2
The Nat King Cole Trio,2
The Monkees,2
The Killers,2
The Black Keys,2
The Beach Boys,2
The American Dollar,2
The Aces,2
Teen Daze,2
Surfer Blood,2
Stuart Duncan,2
STRFKR,2
Steven Goldmund,2
statistix,2
Stan Forebee,2
SONN,2
Son Little,2
soder.,2
Skott,2
Sigala,2
Sidual.,2
Shuko,2
Sean Christopher,2
Sam Moss,2
Sam Cooke,2
Saint Sister,2
Saint Raymond,2
Sabine Moncler,2
Rudimental,2
Ruck P,2
ROOK1E,2
Roo Panes,2
Robert Gafforelli,2
rob smyles,2
Roamneck,2
Rick Hagen,2
Ray J,2
Rand Aldo,2
Radiohead,2
Radiant Children,2
"QUICKLY, QUICKLY",2
primer dia,2
Poppy Ackroyd,2
Poldoore,2
Plan B,2
Pip Millett,2
Picture This,2
Phantogram,2
Peter Gabriel,2
Peter Broderick,2
Perco Don,2
Peggy Lee,2
Paul McCartney,2
Panic! at the Disco,2
PandRezz,2
Overcoats,2
Otis Redding,2
otesla,2
osoku,2
Omniboi,2
Olly Murs,2
Old Sea Brigade,2
Old Man Luedecke,2
Ol' Burger Beats,2
OJ Son,2
Odie,2
Nosaj Thing,2
Norah Jones,2
nohidea,2
no sentences,2
Nils Frahm,2
Night Sounds,2
Nicotine,2
Necro,2
Near The Parenthesis,2
Nathaniel Rateliff & the Night Sweats,2
Nao,2
Musqitone,2
Mumford & Sons,2
mr_slace,2
Mr Jukes,2
Moses Sumney,2
Morningsiders,2
Moow,2
Moonfold,2
Mndsgn,2
miska.,2
Michigander,2
Michael Nau,2
Meek Mill,2
Mathilda Homer,2
Material Tumbleweeds,2
Masterclass,2
Martin Luke Brown,2
Marta Cascales Alimbau,2
Mae Muller,2
Mad Chronic,2
Mac Ayres,2
Lykke Li,2
Luu,2
Lunchmoney,2
Lucy Dacus,2
lostlife.,2
Lost Son,2
Loren Allred,2
Lord Green,2
Lord Finesse,2
Lofi Coffee,2
Little Mix,2
Little Comets,2
LIsa Rex,2
Limes,2
Lily Moore,2
Lilo TOF,2
Lennon Stella,2
Lemar,2
Lee Fields & The Expressions,2
Lars Meyer,2
laqueus,2
KWAYE,2
Kurt Vile,2
KT Tunstall,2
Koral Banko,2
King Krule,2
Kiasmos,2
kevatta,2
Keem The Cipher,2
Keane,2
Kashmere,2
Karin Borg,2
Julius Aston,2
Julie London,2
Joy Crookes,2
Josef Passagio,2
Jon Bryant,2
Jon Batiste,2
Johnny Utah,2
John Mark McMillan,2
Johannes Brahms,2
Joey Dosik,2
Joeshort,2
Joe Corfield,2
JGRREY,2
Jessie J,2
Jess Glynne,2
Jef,2
Jean-Michel Blais,2
James Newton Howard,2
James Morrison,2
James Bay,2
James Arthur,2
Jake Warren,2
jaeden camstra,2
Jacob Banks,2
Jack Dean,2
Izzy Bizu,2
Intentional Vibes,2
I'm With Her,2
hz.,2
Hydrogenii,2
Headie One,2
Hammock,2
Gretta Ray,2
Goratie,2
Goldmund,2
glue70,2
gigantus,2
Gengahr,2
Gabrielle,2
Franz Schubert,2
Frank Turner,2
FRAD,2
Four Tops,2
Foreign Air,2
floridomi,2
Flora Cash,2
FloFilz,2
Flamingosis,2
Fat Jon,2
Evidence,2
Evelyn Stein,2
Estelle,2
Erik Satie,2
Eric LaCosta,2
Epifania,2
Engelwood,2
Elujay,2
Ella Fitzgerald,2
eli filosov [ p h i l o ],2
Elegy,2
Edgar Mannheimer,2
Ebb & Flod,2
Easy Life,2
Eartha Kitt,2
Dwyer,2
Dweeb,2
Duyem,2
Dustin O'Halloran,2
Durand Jones & The Indications,2
Duncan Fellows,2
Dreamgirl,2
Dream Runner,2
DOWORK,2
DJ Jazzy Jeff,2
Dhyana Thomas,2
Delacey,2
Dean Lewis,2
Day Wave,2
David Wingo,2
Craig David,2
Cool Company,2
Commodores,2
Cody G,2
cocabona,2
Clara Schumann,2
City and Colour,2
chuckee.,2
Christine and the Queens,2
Choker,2
Cheap Monk,2
Carl Philipp Emanuel Bach,2
Carl Orff,2
Calexico,2
Bridgit Mendler,2
Borealism,2
Bombay Bicycle Club,2
Boil The Ocean,2
Bluestaeb,2
Blanco White,2
bitte Please,2
Biosphere,2
Bibio,2
Bertholet,2
Beegie Adair,2
Bedtime Baby,2
Bazzi,2
Bastille,2
Barinos,2
BadSummer,2
Bad Sounds,2
Ave Air,2
Ava Max,2
AUV,2
Austin Basham,2
August Wilhelmsson,2
"At The End Of Times, Nothing",2
Astroblk,2
asbeluxt,2
Antologie,2
Annie Lennox,2
Andy Grammer,2
Andreya Triana,2
Andonis,2
Ameba,2
Amber Virena,2
Allman Brown,2
Allie Crow Buckley,2
All Saints,2
Alexis Ffrench,2
Alexi Murdoch,2
Alela Diane,2
Aldous Harding,2
Ack Ibanez,2
Zara Larsson,1
Yuno,1
Your Smith,1
Young Thug,1
Young MIster,1
Young Gun Silver Fox,1
Yoste,1
Yomoti,1
Yo La Tengo,1
Ymori,1
Yellow Rainbow,1
Years & Years,1
Yeah Yeah Yeahs,1
Yazmin Lacey,1
YAY BLYNN,1
Woman Believer,1
Wolfgang Snow,1
William Wild,1
William Roud,1
William Keats,1
William Devaughn,1
William Bell,1
wildes,1
Wilder Woods,1
Wild Youth,1
Wilco,1
Why These Coyotes,1
Whitney Houston,1
White Twilight,1
White Lion,1
white ball,1
Whilk & Misky,1
Wh0,1
Westlife,1
Wes Wax,1
Wenzel,1
Welshly Arms,1
Weedthief,1
Warpaint,1
Walking On Cars,1
Voyager,1
Vodi,1
Violet Daughter,1
Vincenzo,1
Vincent Pino,1
Vince Guaraldi,1
"Vienna Symphony Orchestra, Robert Wagner & Felicja Blumental",1
Victory,1
Vicente Avella,1
vhsceral,1
Vhs Collection,1
Vegard,1
Van Morrison,1
VAGUE003,1
Vacation Manor,1
Ultravox,1
Ukkonen,1
U137,1
Tyler Lyle,1
Tycho,1
twuan,1
tusken.,1
Tsunami Stones,1
Tronilo,1
Trixpot,1
Trevor Hall,1
Travis,1
Travi$ Scott,1
Traveler CS,1
Tow'rs,1
Tough Love,1
Tory Lanez,1
Tors,1
Toronto 7s,1
Tori Kelly,1
Toploader,1
Tony Lieberman,1
Tony Bones The Producer,1
Tony Bennett,1
Tones And I,1
Tommy,1
Tom Merrall,1
Tom Francis,1
Toledo Rains,1
Toledo,1
Tirzah,1
Thundercat,1
Through & Through,1
this is tomorrow,1
This Is the Kit,1
Theo Katzman,1
Thelma Houston,1
The Wood Brothers,1
The Who,1
The Waterboys,1
The Wannadies,1
The Vaselines,1
The Vamps,1
The Turtles,1
The Ting Tings,1
The Temper Trap,1
The Tallest Man on Earth,1
The Suffers,1
The Spinners,1
The Smiths,1
The Score,1
The Sandbox,1
The Rumble Strips,1
The Rifles,1
The Rezillos,1
The Rain Library,1
The Pussycat Dolls,1
The Proclaimers,1
The Pogues,1
The Pipettes,1
The Pigeon Detectives,1
The Pied Pipers,1
The Pains of Being Pure at Heart,1
The O'Neill Brothers Group,1
The O'Jays,1
The Night Game,1
The New Pornographers,1
The New Birth,1
The Native,1
The Mouse Outfit,1
The Mostar Diving Club,1
The Marvelettes,1
The Main Ingredient,1
The Magician,1
The Magic Gang,1
The Loyalist,1
The Libertines,1
The Last Skeptik,1
The Last Dinosaur,1
The Lapelles,1
The La's,1
The KVB,1
The Kount,1
The Kite String Tangle,1
The Jesus and Mary Chain,1
The Internet,1
The Howl & The Hum,1
The Hoosiers,1
The Habit,1
The Flying Stars Of Brooklyn NY,1
The Feeling,1
The European Unicorns,1
The EMBR,1
The Dream Academy,1
The Districts,1
The Deep Dark Woods,1
The Decemberists,1
The Daydream Club,1
The Dangerous Summer,1
The Cure,1
The Cranberries,1
The Coral,1
The City of Prague Philharmonic Orchestra,1
The Cinematic Orchestra,1
The Cathedral Singers,1
The Cardigans,1
The Cactus Channel,1
The Brook & The Bluff,1
The Big Moon,1
The Avett Brothers,1
The Arcs,1
The Archies,1
The Album Leaf,1
Ten Ven,1
Teleman,1
Tee Grizzley,1
Tedosio,1
Tedeschi Trucks Band,1
Tears for Fears,1
tantu,1
Talos,1
Tall Sparta,1
Talkboy,1
TAICO,1
Ta-ku,1
Swodin,1
Swimming Tapes,1
Sweet Female Attitude,1
Surya,1
Surku,1
Sure Sure,1
Superorganism,1
Super Doppler,1
Sunrises Of Whispers,1
Sumwun,1
Summer Salt,1
sugi.wa,1
Substantial,1
Stu Larsen,1
stream_error,1
Stormzy,1
Stoop Kids,1
Still Woozy,1
Still Parade,1
Steven Halpern,1
Steve Lacy,1
Steve Benjamins,1
STEVAN,1
STEEZY PRIME,1
Stateless,1
Stars,1
St. Vincent,1
St. South,1
Spring King,1
Spookie Ed,1
Spiritualized,1
Spinn,1
Spaceface,1
Sophie Hutchings,1
Sonny Fodera,1
Sonntag,1
Solvekin,1
Solomon Burke,1
Solararium K.O,1
SOHN,1
Soft Eyez,1
Soetkin Milbouw,1
Sody,1
Sneaky Sound System,1
Snakehips,1
Snail Mail,1
SMUV,1
Smokedbeat,1
Smika,1
Small Million,1
Slumberville,1
Slum Village,1
Slow Club,1
Sleepy Songs,1
sjowgren,1
Sjors Mans,1
Sir Sly,1
Simple Minds,1
Silversun Pickups,1
SIIGHTS,1
Shura,1
Shuggie Otis,1
Shovels & Rope,1
Shift K3Y,1
Shaed,1
Serouj,1
Sepalot,1
Seb,1
Search For Atlantis,1
Sea Wolf,1
Sea Girls,1
Scotty Baughman,1
Scott Freebass,1
SBTRKT,1
Sarcastic Sounds,1
Sarah Vaughan,1
San Holo,1
Samuel Lindon,1
Samuel Bath,1
Samantha Rise,1
Sally Herbert,1
SALES,1
Saiko,1
Saib,1
SAGUN,1
sadtoi,1
Sadiva,1
sad boy with a laptop,1
Saba,1
S.A. Karl,1
s. lyre,1
Ryan Hemsworth,1
Ryan Beatty,1
Ryan Adams,1
RV,1
Rudy Raw,1
RudeManners,1
Rude.,1
Rubii,1
Roy Irwin,1
Rosie Carney,1
Roe Cutz,1
Roddy Ricch,1
Robinson,1
Robert Haigh,1
Robbie Hees,1
Rival Consoles,1
Ritual,1
Riscas,1
Ripple Red,1
Rimon,1
Richard Walters,1
Richard LaBrooy,1
Rhiannon Bannenberg,1
Rex Williams,1
Retrovision,1
Regendum,1
Redlight,1
Red Hot Chili Peppers,1
Razorlight,1
Ray Bryant,1
Ray Ben Rue,1
Raphael Saadiq,1
RAFFAELLA,1
Radical Face,1
Purple Sorcerer,1
Purpan,1
Pulp,1
Pronoun,1
Promise Land,1
Prince of Eden,1
Primal Scream,1
Prelow,1
postcard boy,1
Porter Robinson,1
Porch Upright,1
Poppy Ajudha,1
Poolside,1
Pitbull,1
Piotr Miteska,1
Pink Sweat$,1
Pillartiff,1
Phosphorescent,1
Philip Glass,1
Phildel,1
Phil Wickham,1
Peyruis,1
Peter Schmalfuss,1
Peter Sandberg,1
Peter Manos,1
Peter Cavallo,1
Pete McCredie,1
Penny & the Quarters,1
Peach Pit,1
Paying Evenings,1
Pax,1
Paul Simon,1
Patrick Paige II,1
Patrick Martin,1
Patrick Droney,1
Parquet Courts,1
Pale Waves,1
Palace,1
Padma Purana,1
Pacific Humble,1
Owel,1
Ouska,1
OT,1
Oribu,1
Orchestrate the Universe,1
Orange Juice,1
oofoe,1
Onur,1
Only Girl,1
One Direction,1
Olivia,1
Oliver Riot,1
Oliver Heldens,1
Ohbliv,1
Odesza,1
Oddfish,1
Oculus,1
Octavian,1
Octave Lissner,1
Oceanic,1
ntvrme,1
"Now, Now",1
Northeast Party House,1
NoMBe,1
Noisy Tantrum,1
Noah Kahan,1
No Vacation,1
ninjoi.,1
NinGen,1
Nina Nesbitt,1
NIGHT TRAVELER,1
Nicki Minaj,1
Nick Leng,1
Newton Faulkner,1
New Radicals,1
Native Superstition,1
Nathaniel Rateliff,1
Nathan Kawanishi,1
Natasha Bedingfield,1
Nancy Wilson,1
Nancy Sinatra,1
Nai Palm,1
N.Musicbeatz,1
N O R M a L,1
Mylo,1
Myc Sharratt,1
Mutual Benefit,1
Music Within,1
Mura Masa,1
Mura Kami,1
Muni Yogi,1
Mumm-Ra,1
mujo,1
mt. fujitive,1
Mrs Blonded,1
Mr. Goldenfold.,1
mr mirakami,1
Mowgs,1
Mousse T. Vs Hot 'n' Juicy,1
Mora,1
Moonbrew,1
Moon Laika,1
Mondo Cozmo,1
Mondbery,1
Modern Osiris,1
Modern English,1
MKTO,1
Mitski,1
MISSIO,1
Misha,1
Milkz,1
Milk Malone,1
Miley Cyrus,1
Mike Edel,1
Mike Devoe,1
Miike Snow,1
Middle Brother,1
Michel LeBond,1
Michael Seyer,1
Michael Calfan,1
Michael Baker,1
MF Eistee,1
Mezzanine,1
Mesita,1
Mercer,1
Mellancolia,1
Melissa McMillan,1
Meadowlark,1
Mazzy Star,1
Max Pope,1
Mavis Staples,1
Matthew Pinder,1
Matt DiMona,1
Matt and Kim,1
MATOMA,1
Mating Ritual,1
Masters of Binaurality,1
Mason Jennings,1
Masala Roo,1
Marsicans,1
Marnie Jacobs,1
Marmalade,1
Marlon Williams,1
Mark Preston,1
Margaret Whiting,1
Maren Morris,1
Many Voices Speak,1
Manual,1
Mannheim Steamroller,1
Manchester Orchestra,1
Mallrat,1
Malifoo,1
Malia,1
Madeleine Peyroux,1
Mac Miller,1
M. T. Hadley,1
M-22,1
luv.ly,1
Lupe Fiasco,1
Lulu Oslo,1
Lulu,1
Luke Sital-Singh,1
Luke Howard,1
Lucy Vincent,1
Lucky Daye,1
Luca Fogale,1
Loyle Carner,1
Lowercase Noises,1
Low Phil,1
Lou Rawls,1
Lou Monte,1
Lotte Walda,1
Lostboycrow,1
Lost Kings,1
loski,1
Lorenzo Tempesti,1
Loren Gray,1
London Philharmonic Orchestra,1
Logic,1
Lo Noom,1
LNDKID,1
Lloyd,1
Lizzy LeBleu,1
Liz Lawrence,1
Liv Dawson,1
Little Simz,1
Litany,1
Lion Babe,1
Lily Allen,1
Lilly Ahlberg,1
Lilac,1
Lights & Motion,1
Light of Sun,1
Liela Moss,1
Liefie,1
Liam Bailey,1
Leven Kali,1
Let's Eat Grandma,1
Lester Nowhere,1
less.people,1
Leon of Athens,1
Leo Stannard,1
Lenka,1
Lena Horne,1
Lemongrass,1
Lemaitre,1
Leisure,1
Leigh Watershed,1
Leif Vollebekk,1
Lee Foss,1
LayUp,1
Lawrence,1
Laurel,1
Laura Misch,1
LaPeer,1
LANY,1
Lana Del Rey,1
LAKEY INSPIRED,1
La Reve,1
La Luz,1
L.A. Salami,1
Kylian Rebour,1
Kygo,1
KOTA The Friend,1
Konteks,1
Koh Lantana,1
Kodomo,1
Kodak Black,1
Knowsum,1
Kishi Bashi,1
Kinobe,1
King Creosote,1
Kid Enigma,1
Keyshia Cole,1
Kevin Morby,1
Kendall Miles,1
Kelis,1
Keith Kenniff,1
Keenan O'Meara,1
Keaton Henson,1
Ke$ha,1
Kazam,1
Kavv,1
Kate Walsh,1
Kate Nash,1
Karuna,1
Karl Jenkins,1
Kane Miller,1
Kamakaze,1
Kaleo,1
K E M A L,1
Justin Nozuka,1
Just Kiddin,1
Just Jack,1
jus.,1
Junodream,1
junior state,1
Juni Tinley,1
Jump5,1
Julien Baker,1
Julian Casablancas,1
Jr Jr,1
Joy Oladokun,1
Josie O'Connor,1
Joshua Hyslop,1
Joshua Burnside,1
Josh McCausland,1
Josh Kramer,1
Josh Garrels,1
Josh Dillard,1
Joseph Beg,1
Joseph,1
Jorulf,1
Jorge Milliano,1
Jordy Searcy,1
Jordan Klassen,1
Jonny Southard,1
Joni Mitchell,1
Jonas Blue,1
Jonah Tolchin,1
Joji,1
Johnny Orlando,1
Johnny Mercer,1
John Williams,1
John Parker,1
John Hayes,1
Joey Pecoraro,1
Joe Stone,1
joe nora,1
Joe Hicks,1
Joe Hertz,1
JMSN,1
Jimmy Ruffin,1
Jim James,1
Jessie Ware,1
Jeremy Messersmith,1
Jeremy Loops,1
Jen Brook,1
Jedisol,1
Jay Sean,1
Jay Rock,1
Jay Pryor,1
James Vickery,1
James Horner,1
James Forest,1
Jalen N'Gonda,1
Jakob Ogawa,1
Jakob Ahlbom,1
Jake Lowe,1
Jai Wolf,1
Jadu Heart,1
Jacob Early,1
Jack Wins,1
j ember,1
Iyaz,1
Ivy Sole,1
Isabella Ivanova,1
Isaac Stern,1
Isaac Gracie,1
Irwin Kostal,1
Irma Thomas,1
Intrinsic Focus,1
Intjay,1
Instupendo,1
inst,1
InkognitOne,1
initium,1
importmedia,1
Iman Magnetic,1
Imaginary Future,1
Illiterate,1
Ilira,1
Idina Menzel,1
Ian Brown,1
HyperParadise,1
Hudson Taylor,1
Houses,1
Hot 8 Brass Band,1
Hope Tala,1
Homeshake,1
hiyasu,1
Hill Black,1
Hilder Sky,1
High John,1
HideMySoul,1
Hiatus Kaiyote,1
Hiatus,1
Herring Franky,1
Herman's Hermits,1
Helios,1
Heinz Goldblatt,1
Hazel English,1
Hayden James,1
Harry Pane,1
Happy Accidents,1
Hannah Wants,1
Handsome Ghost,1
Handbook,1
Halsey,1
H.1,1
H E R B,1
Guy Lombardo & His Royal Canadians,1
Guster,1
Guru Griff,1
Gungor,1
Grouplove,1
Grey Evolution,1
Greta Van Fleet,1
Greg Cox,1
Great Lake Swimmers,1
Grate Lakes,1
Gramatik,1
Gorgon City,1
Good Morning,1
Golden Ears,1
Golden Daze,1
Goat Girl,1
Glowworm,1
Glasvegas,1
Gizmo Varillas,1
Girl Ray,1
Ginuwine,1
Giant Rooks,1
Ghostnaut,1
Ghost Of Summer,1
Gesaffelstein,1
Gerry Rafferty,1
Gerry Cinnamon,1
Gerhard Kanzian,1
Gerald Garcia,1
Georgia,1
George Nascimento,1
George Frideric Handel,1
GentleBeatz,1
General Fuzz,1
garden lily,1
G-Eazy,1
G Mills,1
FX Sleep Creator,1
Future,1
fushou.,1
Funky DL,1
Funkadelic,1
frumhere,1
Fripps & Fripps,1
Fredo,1
Freddie Joachim,1
Freda Payne,1
Franz Liszt,1
Franz Ferdinand,1
Frankie Knuckles,1
Frank Ocean,1
Franc Moody,1
Foxygen,1
Foxing,1
Foster the People,1
Ford.,1
Fontella Bass,1
Fog Lake,1
Flipp Dinero,1
Fleur East,1
Fletcher,1
Flavors,1
flatpocket,1
Figub Brazlevic,1
Fifth Harmony,1
Fickle Friends,1
Feiertag,1
Federico Albanese,1
Fatboy Slim,1
Fat Freddy's Drop,1
Farnell Newton,1
Far Caspian,1
Fabrizio Paterlini,1
Fabolous,1
Example,1
Ex:Re,1
Everything Is Recorded,1
Everything Everything,1
Everyone You Know,1
Eucalyptic,1
Etta James,1
Estugarda,1
Esa-Pekka Salonen,1
Eroded Sky,1
Eric Pedi,1
Ensemble Rivr Dane,1
Enid Fergus,1
Empty Space,1
Empathetic Canyon,1
Emma Charles,1
Eminem,1
Emily Burns,1
Emily Brimlow,1
Emilie Mover,1
Emblemic X,1
emawK,1
Elyts Sounds,1
Elvar Arngrimsson,1
Eloise,1
Elliot Root,1
Ella Mai,1
Eliza,1
elijah who,1
Elijah Nang,1
Eli Way,1
Elderbrook,1
eevee beats,1
Eels,1
Edwin Raphael,1
Edward Newton,1
Edward Elgar,1
Eagle Lake,1
Dream Wife,1
Dr. Dundiff,1
Dougie MacLean,1
Dopplar,1
Dominic Fike,1
dodie,1
DJDS,1
DJ Grumble,1
Dizzy,1
Dirk Maassen,1
Din0k,1
digitalluc,1
Didirri,1
Diamond D,1
Dexys Midnight Runners,1
Devaloop,1
Destroyer,1
Des Rocs,1
DerRalle,1
Dermot Kennedy,1
Deno,1
Deep Watch,1
Deekline,1
Deauxnuts,1
Dean Valio,1
dcxv,1
Davie,1
David Ramirez,1
David Foster,1
David Cutter Music,1
David Baron,1
Dave Lewis,1
Dave,1
Daughter,1
Dario Marianelli,1
Daniel Paterok,1
Daniel Kaede,1
Dan Smith Beats,1
Dan Hawkins,1
Damien Sorbonne,1
damaa.beats,1
Daddy Yankee,1
D'Angelo,1
D.V.R.X,1
Curtis Mayfield,1
Cults,1
"CSR Symphony Orchestra, Bratislava",1
Crystalsong,1
Crush Club,1
Crowded House,1
Crazy P,1
Craig Armstrong,1
courtney hartman,1
Courtney Barnett,1
Cosmo's Midnight,1
Cosmical Galaxy,1
CoryaYo,1
Cooper Sams,1
Common,1
Colouring,1
Cocteau Twins,1
Cloudchord,1
Cliq,1
Cleo Sol,1
Clean Cut Kid,1
Claud,1
Classixx,1
Claes Nilsson,1
City of the Sun,1
Cinthya Garcia,1
Chromatics,1
Christoph Spendel,1
Chris Walla,1
Chris Lake,1
Chris Keys,1
Chris Cornell,1
Chloe x Halle,1
Chill Cole,1
Children Of Indigo,1
Childish Gambino,1
Cheryl,1
Cher Lloyd,1
Charlotte Leigh,1
Charlotte Benton,1
Charlie Sztyk,1
Charli XCX,1
CHAPPO,1
Chaka Khan,1
Chad Lawson,1
CFCF,1
Ceilidh,1
Cecelya,1
Catfish and the Bottlemen,1
Cat Power,1
Cass Elliot,1
Casey Dubie,1
Caroline Polachek,1
Carla Thomas,1
Call Me Loop,1
Cadet,1
Burgundy Skies,1
Bun B,1
Bugseed,1
Bugge Wesseltoft,1
Buddy,1
BTS,1
Brous One,1
Bronze Radio Return,1
Brittany Howard,1
Briston Maroney,1
Brian Crain,1
bri.broskie,1
Brenton Wood,1
Brandy,1
Brandon Jenner,1
Braison Cyrus,1
Boy Azooga,1
Bowerbirds,1
Boston Bun,1
Born Ruffians,1
Bootstraps,1
Bonobo,1
Bon Vie,1
Bobby V.,1
Bob Moses,1
Boards of Canada,1
Blur,1
bluntone,1
Blue Wednesday,1
Blue Queen,1
Blue Fold,1
Blitzen Trapper,1
Blithe Field,1
Blithe,1
Blinkie,1
Blended Babies,1
Bleed the Rads,1
blck.beetl,1
Blazo,1
Black Saint,1
Black Coffee,1
BitBeats,1
Biqram,1
Binaural Systems,1
Billy Davis,1
Billie Holiday,1
Bigtale,1
Big Red Machine,1
Biffy Clyro,1
Bettye Swann,1
Betty Everett,1
Betsy Phillips,1
Betcha,1
Best Coast,1
besphrenz,1
Bermuda Triangle,1
berhana,1
Benny Bernstein,1
Benjamin Roustaing,1
Ben Platt,1
Ben Lukas Boysen,1
Belle and Sebastian,1
Behind Clouds,1
Bebe Rexha,1
Beatenberg,1
Bearson,1
beabadoobee,1
Bayonne,1
BAYNK,1
Bay City Rollers,1
Basement Jaxx,1
Baker Grace,1
bahy nhl,1
baechulgi,1
Baby Ariel,1
Avey Tare,1
Avery Young,1
Average White Band,1
Ava Leigh,1
Autumn Keys,1
Audio Dope,1
ATFC,1
Astron,1
Arum Rae,1
Arty,1
Art School Girlfriend,1
Arlo Parks,1
Arijit Singh,1
Aretha Franklin,1
Arctic Monkeys,1
Arctic,1
Arbour,1
Aquilo,1
Aqualina,1
apres,1
Anton Powers,1
Anne-Marie,1
Angie Stone,1
Anderson East,1
Ancient,1
An Extreme Priest,1
Amy Shark,1
American Football,1
Amen Dunes,1
Amaranth Cove,1
allem iversom,1
All Sons & Daughters,1
Alistair,1
Alicia Keys,1
Alice Robbins,1
Alfie Templeman,1
Alexandre Desplat,1
Alexandra Streliski,1
Alex St Joan,1
Alex RV Phillips,1
Alex Couture,1
Alex Aiono,1
Alex Abbuehl,1
Alec Benjamin,1
Albzzy,1
Albin Gromer,1
Alan Walker,1
Alan Silvestri,1
Akira Kosemura,1
Aimless,1
Aimee Mann,1
AGM,1
Aenor,1
Adoopamo,1
Adam Fincher,1
Abe Abraham,1
Ab-Soul,1
Aaron Lewis,1
A BOOGIE WIT DA HOODIE,1
90sFlav,1
6ix9ine,1
485c,1
21 Savage,1
.ihaveaface,1
August 08,1
369,1
